{
  "project_info": {
    "project_number": "1077856507400",
    "project_id": "food-676d1",
    "storage_bucket": "food-676d1.appspot.com"
  },
  "client": [
    {
      "client_info": {
        "mobilesdk_app_id": "1:1077856507400:android:8471dbfb473cb5babfe3bd",
        "android_client_info": {
          "package_name": "com.example.food"
        }
      },
      "oauth_client": [
        {
          "client_id": "1077856507400-g00ftljg9qtegm6nguc2185de1h0l634.apps.googleusercontent.com",
          "client_type": 3
        }
      ],
      "api_key": [
        {
          "current_key": "AIzaSyAZFqhk0TFQclKjJbJx8X4j6dFYUwXBugk"
        }
      ],
      "services": {
        "appinvite_service": {
          "other_platform_oauth_client": [
            {
              "client_id": "1077856507400-g00ftljg9qtegm6nguc2185de1h0l634.apps.googleusercontent.com",
              "client_type": 3
            }
          ]
        }
      }
    }
  ],
  "configuration_version": "1"
}